HORAIRE RENDEZ-VOUS SEMAINE DU 17 NOVEMBRE;;;
Globocam;Lundi;LA4024;
;Mardi;LA4124;
;Mercredi;LA4224;
;Jeudi ;LA58;
;Vendredi;;
Transdiff;Lundi;CA2222;CA2321
;Mardi;CA2222;CA2321
;Mercredi;CA2222;CA2321
;Jeudi ;CA2222;
;Vendredi;CA2222;
Illimite;Lundi;;
;Mardi;;
;Mercredi;;
;Jeudi ;;
;Vendredi;;
Jeffrey;Lundi;CA2021;
;Mardi;CA3124;CA1920
;Mercredi;CA3124;CA1920
;Jeudi ;CA2722;CA2222
;Vendredi;;
Kenworth;Lundi;;
;Mardi;RO1720;
;Mercredi;;
;Jeudi ;RO0424;
;Vendredi;;
Autres;Lundi;LA51 (DESHARNAIS);
;Mardi;LA52 (DESHARNAIS);
;Mercredi;LA58 (DESHARNAIS);RO1320 (JM CHANTAL)
;Jeudi ;LA59 (DESHARNAIS;RO1320 (JM CHANTAL)
;Vendredi;;
